Workbook

Sheet Hoja1
A1: T | B1: Tienda | C1: Descripción | D1: Unidades | E1: Material | F1: Texto Breve | G1: Litros | H1: Oficina | K1: Oficina | L1: Tienda | M1: Material | N1: Texto Breve | O1: Litros
A2: 1 | B2: 1 - VILLA DEL RIO - BOGOTA | C2: NECTAR CALIFORNIA SURTIDO 200ml PAGUE 7 LLEVE 10u | D2: 200 | E2: =VLOOKUP($C2,Hoja2!$A:$D,2,0) -> F48809 | F2: =VLOOKUP($C2,Hoja2!$A:$D,3,0) -> NECTAR CALIFORNIA SURTIDO TB 200ML 7X10 | G2: =VLOOKUP($C2,Hoja2!$A:$D,4,0)*D2 -> 400 | H2: =VLOOKUP(A2,Hoja2!H:J,3,0) -> CO02 | K2: CO02 | L2: 1 - VILLA DEL RIO - BOGOTA | O2: 868.4
A3: 1 | B3: 1 - VILLA DEL RIO - BOGOTA | C3: NECTAR CALIFORNIA DURAZNO 900ml | D3: 24 | E3: =VLOOKUP($C3,Hoja2!$A:$D,2,0) -> F48669 | F3: =VLOOKUP($C3,Hoja2!$A:$D,3,0) -> NECTAR CALIFORNIA DURAZNO TB 900ML | G3: =VLOOKUP($C3,Hoja2!$A:$D,4,0)*D3 -> 21.6 | H3: =VLOOKUP(A3,Hoja2!H:J,3,0) -> CO02 | L3: 2 - CUMARA - BOGOTA | O3: 152.8
A4: 1 | B4: 1 - VILLA DEL RIO - BOGOTA | C4: NECTAR CALIFORNIA PERA 900ml | D4: 24 | E4: =VLOOKUP($C4,Hoja2!$A:$D,2,0) -> F48668 | F4: =VLOOKUP($C4,Hoja2!$A:$D,3,0) -> NECTAR CALIFORNIA PERA TB 900ML | G4: =VLOOKUP($C4,Hoja2!$A:$D,4,0)*D4 -> 21.6 | H4: =VLOOKUP(A4,Hoja2!H:J,3,0) -> CO02 | L4: 20 - CAJICA | O4: 375
A5: 1 | B5: 1 - VILLA DEL RIO - BOGOTA | C5: JUGO FRESKY PUNCH SURTIDO 200mlX12u | D5: 100 | E5: =VLOOKUP($C5,Hoja2!$A:$D,2,0) -> F44225 | F5: =VLOOKUP($C5,Hoja2!$A:$D,3,0) -> FRESKY CALIFORNIA SUR PUN TB 200ML 10X12 | G5: =VLOOKUP($C5,Hoja2!$A:$D,4,0)*D5 -> 240 | H5: =VLOOKUP(A5,Hoja2!H:J,3,0) -> CO02 | L5: 8 - AVENIDA BOYACA - BOGOTA | O5: 266.4
A6: 1 | B6: 1 - VILLA DEL RIO - BOGOTA | C6: TE CALIFORNIA SURTIDO AMAZTE 200mlX6u | D6: 100 | E6: =VLOOKUP($C6,Hoja2!$A:$D,2,0) -> F44226 | F6: =VLOOKUP($C6,Hoja2!$A:$D,3,0) -> TE CALIFORNIA SURTIDO 200 ML TB X6 | G6: =VLOOKUP($C6,Hoja2!$A:$D,4,0)*D6 -> 120 | H6: =VLOOKUP(A6,Hoja2!H:J,3,0) -> CO02 | K6: CO03 | L6: 17 - TUNJA | O6: 221.4
A7: 1 | B7: 1 - VILLA DEL RIO - BOGOTA | C7: AVENA ALGARRA CANELA CAJA 200gX6u | D7: 15 | E7: =VLOOKUP($C7,Hoja2!$A:$D,2,0) -> F47006 | F7: =VLOOKUP($C7,Hoja2!$A:$D,3,0) -> AVENA ALGARRA CANELA TB 200ML X6 | G7: =VLOOKUP($C7,Hoja2!$A:$D,4,0)*D7 -> 18 | H7: =VLOOKUP(A7,Hoja2!H:J,3,0) -> CO02 | K7: CO04 | L7: 12 - VILLAVICENCIO | O7: 38.4
A8: 1 | B8: 1 - VILLA DEL RIO - BOGOTA | C8: AVENA ALGARRA CANELA PAGUE 7 LLEVE 8 200ml | D8: 12 | E8: =VLOOKUP($C8,Hoja2!$A:$D,2,0) -> F47013 | F8: =VLOOKUP($C8,Hoja2!$A:$D,3,0) -> AVENA ALGARRA CANELA BS 200ML 7X8 | G8: =VLOOKUP($C8,Hoja2!$A:$D,4,0)*D8 -> 19.2 | H8: =VLOOKUP(A8,Hoja2!H:J,3,0) -> CO02 | K8: CO05 | L8: 11 - MAKRO CALLE 30 | O8: 645.4
A9: 1 | B9: 1 - VILLA DEL RIO - BOGOTA | C9: AVENA ALGARRA NATURAL CAJA 200gX6u | D9: 10 | E9: =VLOOKUP($C9,Hoja2!$A:$D,2,0) -> F47649 | F9: =VLOOKUP($C9,Hoja2!$A:$D,3,0) -> AVENA ALGARRA TRADICIONAL TB 200ML X6 | G9: =VLOOKUP($C9,Hoja2!$A:$D,4,0)*D9 -> 12 | H9: =VLOOKUP(A9,Hoja2!H:J,3,0) -> CO02 | L9: 23 - ALTO PRADO | O9: 605.8
A10: 1 | B10: 1 - VILLA DEL RIO - BOGOTA | C10: AVENA ALGARRA TRADICIONAL PAGUE 7 LLEVE 8 200ml | D10: 10 | E10: =VLOOKUP($C10,Hoja2!$A:$D,2,0) -> F47427 | F10: =VLOOKUP($C10,Hoja2!$A:$D,3,0) -> AVENA ALGARRA TRADICIONAL BS 200ML 7X8 | G10: =VLOOKUP($C10,Hoja2!$A:$D,4,0)*D10 -> 16 | H10: =VLOOKUP(A10,Hoja2!H:J,3,0) -> CO02 | L10: 4 - VILLA SANTOS - BARRANQUILLA | O10: 866.4
A11: 2 | B11: 2 - CUMARA - BOGOTA | C11: TE CALIFORNIA SURTIDO AMAZTE 200mlX6u | D11: 60 | E11: =VLOOKUP($C11,Hoja2!$A:$D,2,0) -> F44226 | F11: =VLOOKUP($C11,Hoja2!$A:$D,3,0) -> TE CALIFORNIA SURTIDO 200 ML TB X6 | G11: =VLOOKUP($C11,Hoja2!$A:$D,4,0)*D11 -> 72 | H11: =VLOOKUP(A11,Hoja2!H:J,3,0) -> CO02 | K11: CO06 | L11: 16 - MONTERIA | O11: 524.8
A12: 2 | B12: 2 - CUMARA - BOGOTA | C12: AVENA ALGARRA CANELA CAJA 200gX6u | D12: 12 | E12: =VLOOKUP($C12,Hoja2!$A:$D,2,0) -> F47006 | F12: =VLOOKUP($C12,Hoja2!$A:$D,3,0) -> AVENA ALGARRA CANELA TB 200ML X6 | G12: =VLOOKUP($C12,Hoja2!$A:$D,4,0)*D12 -> 14.4 | H12: =VLOOKUP(A12,Hoja2!H:J,3,0) -> CO02 | K12: CO07 | L12: 22 - VALLEDUPAR | O12: 344
A13: 2 | B13: 2 - CUMARA - BOGOTA | C13: AVENA ALGARRA CANELA PAGUE 7 LLEVE 8 200ml | D13: 24 | E13: =VLOOKUP($C13,Hoja2!$A:$D,2,0) -> F47013 | F13: =VLOOKUP($C13,Hoja2!$A:$D,3,0) -> AVENA ALGARRA CANELA BS 200ML 7X8 | G13: =VLOOKUP($C13,Hoja2!$A:$D,4,0)*D13 -> 38.4 | H13: =VLOOKUP(A13,Hoja2!H:J,3,0) -> CO02 | K13: CO08 | L13: 14 - SANTA MARTA | O13: 289.2
A14: 2 | B14: 2 - CUMARA - BOGOTA | C14: AVENA ALGARRA NATURAL CAJA 200gX6u | D14: 10 | E14: =VLOOKUP($C14,Hoja2!$A:$D,2,0) -> F47649 | F14: =VLOOKUP($C14,Hoja2!$A:$D,3,0) -> AVENA ALGARRA TRADICIONAL TB 200ML X6 | G14: =VLOOKUP($C14,Hoja2!$A:$D,4,0)*D14 -> 12 | H14: =VLOOKUP(A14,Hoja2!H:J,3,0) -> CO02 | K14: CO09 | L14: 10 - CARTAGENA | O14: 1168.8
A15: 2 | B15: 2 - CUMARA - BOGOTA | C15: AVENA ALGARRA TRADICIONAL PAGUE 7 LLEVE 8 200ml | D15: 10 | E15: =VLOOKUP($C15,Hoja2!$A:$D,2,0) -> F47427 | F15: =VLOOKUP($C15,Hoja2!$A:$D,3,0) -> AVENA ALGARRA TRADICIONAL BS 200ML 7X8 | G15: =VLOOKUP($C15,Hoja2!$A:$D,4,0)*D15 -> 16 | H15: =VLOOKUP(A15,Hoja2!H:J,3,0) -> CO02 | K15: CO11 | L15: 18 - ESTACION POBLADO | O15: 1436.8
A16: 3 | B16: 3 - VALLE DEL LILI - CALI | C16: NECTAR CALIFORNIA PERA 900ml | D16: 24 | E16: =VLOOKUP($C16,Hoja2!$A:$D,2,0) -> F48668 | F16: =VLOOKUP($C16,Hoja2!$A:$D,3,0) -> NECTAR CALIFORNIA PERA TB 900ML | G16: =VLOOKUP($C16,Hoja2!$A:$D,4,0)*D16 -> 21.6 | H16: =VLOOKUP(A16,Hoja2!H:J,3,0) -> CO15 | L16: 5 - SAN JUAN - MEDELLIN | O16: 1311.4
A17: 3 | B17: 3 - VALLE DEL LILI - CALI | C17: NECTAR CALIFORNIA MANZANA 900ml | D17: 48 | E17: =VLOOKUP($C17,Hoja2!$A:$D,2,0) -> F48667 | F17: =VLOOKUP($C17,Hoja2!$A:$D,3,0) -> NECTAR CALIFORNIA MANZANA TB 900ML | G17: =VLOOKUP($C17,Hoja2!$A:$D,4,0)*D17 -> 43.2 | H17: =VLOOKUP(A17,Hoja2!H:J,3,0) -> CO15 | K17: CO12 | L17: 19 - FLORIDABLANCA | O17: 40.8
A18: 3 | B18: 3 - VALLE DEL LILI - CALI | C18: AVENA ALGARRA CANELA PAGUE 7 LLEVE 8 200ml | D18: 12 | E18: =VLOOKUP($C18,Hoja2!$A:$D,2,0) -> F47013 | F18: =VLOOKUP($C18,Hoja2!$A:$D,3,0) -> AVENA ALGARRA CANELA BS 200ML 7X8 | G18: =VLOOKUP($C18,Hoja2!$A:$D,4,0)*D18 -> 19.2 | H18: =VLOOKUP(A18,Hoja2!H:J,3,0) -> CO15 | K18: CO13 | L18: 15 - CUCUTA | O18: 24
A19: 3 | B19: 3 - VALLE DEL LILI - CALI | C19: CREMA DE LECHE LA FINCA BOLSA 900ml | D19: 300 | E19: =VLOOKUP($C19,Hoja2!$A:$D,2,0) -> F48010 | F19: =VLOOKUP($C19,Hoja2!$A:$D,3,0) -> CML DE LA FINCA UHT BS 900 GR | G19: =VLOOKUP($C19,Hoja2!$A:$D,4,0)*D19 -> 270 | H19: =VLOOKUP(A19,Hoja2!H:J,3,0) -> CO15 | K19: CO15 | L19: 13 - CALI - NORTE | O19: 484.8
A20: 3 | B20: 3 - VALLE DEL LILI - CALI | C20: AVENA ALGARRA NATURAL CAJA 200gX6u | D20: 10 | E20: =VLOOKUP($C20,Hoja2!$A:$D,2,0) -> F47649 | F20: =VLOOKUP($C20,Hoja2!$A:$D,3,0) -> AVENA ALGARRA TRADICIONAL TB 200ML X6 | G20: =VLOOKUP($C20,Hoja2!$A:$D,4,0)*D20 -> 12 | H20: =VLOOKUP(A20,Hoja2!H:J,3,0) -> CO15 | L20: 3 - VALLE DEL LILI - CALI | O20: 475.2
A21: 3 | B21: 3 - VALLE DEL LILI - CALI | C21: AVENA ALGARRA TRADICIONAL PAGUE 7 LLEVE 8 200ml | D21: 12 | E21: =VLOOKUP($C21,Hoja2!$A:$D,2,0) -> F47427 | F21: =VLOOKUP($C21,Hoja2!$A:$D,3,0) -> AVENA ALGARRA TRADICIONAL BS 200ML 7X8 | G21: =VLOOKUP($C21,Hoja2!$A:$D,4,0)*D21 -> 19.2 | H21: =VLOOKUP(A21,Hoja2!H:J,3,0) -> CO15 | K21: CO16 | L21: 7 - DOS QUEBRADAS - PEREIRA | O21: 115.6
A22: 3 | B22: 3 - VALLE DEL LILI - CALI | C22: CREMA DE LECHE CREMAX BOLSA 900ml | D22: 100 | E22: =VLOOKUP($C22,Hoja2!$A:$D,2,0) -> F48025 | F22: =VLOOKUP($C22,Hoja2!$A:$D,3,0) -> CML CREMAX UHT BS 900 GR | G22: =VLOOKUP($C22,Hoja2!$A:$D,4,0)*D22 -> 90 | H22: =VLOOKUP(A22,Hoja2!H:J,3,0) -> CO15 | K22: CO17 | L22: 9 - IBAGUE | O22: 383
A23: 4 | B23: 4 - VILLA SANTOS - BARRANQUILLA | C23: NECTAR CALIFORNIA SURTIDO 200ml PAGUE 7 LLEVE 10u | D23: 300 | E23: =VLOOKUP($C23,Hoja2!$A:$D,2,0) -> F48809 | F23: =VLOOKUP($C23,Hoja2!$A:$D,3,0) -> NECTAR CALIFORNIA SURTIDO TB 200ML 7X10 | G23: =VLOOKUP($C23,Hoja2!$A:$D,4,0)*D23 -> 600 | H23: =VLOOKUP(A23,Hoja2!H:J,3,0) -> CO05 | K23: Total | O23: 10638.4
A24: 4 | B24: 4 - VILLA SANTOS - BARRANQUILLA | C24: NECTAR CALIFORNIA PERA 900ml | D24: 24 | E24: =VLOOKUP($C24,Hoja2!$A:$D,2,0) -> F48668 | F24: =VLOOKUP($C24,Hoja2!$A:$D,3,0) -> NECTAR CALIFORNIA PERA TB 900ML | G24: =VLOOKUP($C24,Hoja2!$A:$D,4,0)*D24 -> 21.6 | H24: =VLOOKUP(A24,Hoja2!H:J,3,0) -> CO05
A25: 4 | B25: 4 - VILLA SANTOS - BARRANQUILLA | C25: NECTAR CALIFORNIA MANZANA 900ml | D25: 24 | E25: =VLOOKUP($C25,Hoja2!$A:$D,2,0) -> F48667 | F25: =VLOOKUP($C25,Hoja2!$A:$D,3,0) -> NECTAR CALIFORNIA MANZANA TB 900ML | G25: =VLOOKUP($C25,Hoja2!$A:$D,4,0)*D25 -> 21.6 | H25: =VLOOKUP(A25,Hoja2!H:J,3,0) -> CO05
A26: 4 | B26: 4 - VILLA SANTOS - BARRANQUILLA | C26: AVENA ALGARRA CANELA CAJA 200gX6u | D26: 10 | E26: =VLOOKUP($C26,Hoja2!$A:$D,2,0) -> F47006 | F26: =VLOOKUP($C26,Hoja2!$A:$D,3,0) -> AVENA ALGARRA CANELA TB 200ML X6 | G26: =VLOOKUP($C26,Hoja2!$A:$D,4,0)*D26 -> 12 | H26: =VLOOKUP(A26,Hoja2!H:J,3,0) -> CO05
A27: 4 | B27: 4 - VILLA SANTOS - BARRANQUILLA | C27: AVENA ALGARRA CANELA PAGUE 7 LLEVE 8 200ml | D27: 12 | E27: =VLOOKUP($C27,Hoja2!$A:$D,2,0) -> F47013 | F27: =VLOOKUP($C27,Hoja2!$A:$D,3,0) -> AVENA ALGARRA CANELA BS 200ML 7X8 | G27: =VLOOKUP($C27,Hoja2!$A:$D,4,0)*D27 -> 19.2 | H27: =VLOOKUP(A27,Hoja2!H:J,3,0) -> CO05
A28: 4 | B28: 4 - VILLA SANTOS - BARRANQUILLA | C28: AVENA ALGARRA NATURAL CAJA 200gX6u | D28: 10 | E28: =VLOOKUP($C28,Hoja2!$A:$D,2,0) -> F47649 | F28: =VLOOKUP($C28,Hoja2!$A:$D,3,0) -> AVENA ALGARRA TRADICIONAL TB 200ML X6 | G28: =VLOOKUP($C28,Hoja2!$A:$D,4,0)*D28 -> 12 | H28: =VLOOKUP(A28,Hoja2!H:J,3,0) -> CO05
A29: 4 | B29: 4 - VILLA SANTOS - BARRANQUILLA | C29: CREMA DE LECHE CREMAX BOLSA 900ml | D29: 100 | E29: =VLOOKUP($C29,Hoja2!$A:$D,2,0) -> F48025 | F29: =VLOOKUP($C29,Hoja2!$A:$D,3,0) -> CML CREMAX UHT BS 900 GR | G29: =VLOOKUP($C29,Hoja2!$A:$D,4,0)*D29 -> 90 | H29: =VLOOKUP(A29,Hoja2!H:J,3,0) -> CO05
A30: 4 | B30: 4 - VILLA SANTOS - BARRANQUILLA | C30: CREMA DE LECHE LA FINCA BOLSA 900ml | D30: 100 | E30: =VLOOKUP($C30,Hoja2!$A:$D,2,0) -> F48010 | F30: =VLOOKUP($C30,Hoja2!$A:$D,3,0) -> CML DE LA FINCA UHT BS 900 GR | G30: =VLOOKUP($C30,Hoja2!$A:$D,4,0)*D30 -> 90 | H30: =VLOOKUP(A30,Hoja2!H:J,3,0) -> CO05
A31: 5 | B31: 5 - SAN JUAN - MEDELLIN | C31: NECTAR CALIFORNIA SURTIDO 900mlx3u | D31: 30 | E31: =VLOOKUP($C31,Hoja2!$A:$D,2,0) -> F48670 | F31: =VLOOKUP($C31,Hoja2!$A:$D,3,0) -> NECTAR CALIFORNIA SURT TB 900ML X3 | G31: =VLOOKUP($C31,Hoja2!$A:$D,4,0)*D31 -> 81 | H31: =VLOOKUP(A31,Hoja2!H:J,3,0) -> CO11
A32: 5 | B32: 5 - SAN JUAN - MEDELLIN | C32: NECTAR CALIFORNIA PERA 900ml | D32: 48 | E32: =VLOOKUP($C32,Hoja2!$A:$D,2,0) -> F48668 | F32: =VLOOKUP($C32,Hoja2!$A:$D,3,0) -> NECTAR CALIFORNIA PERA TB 900ML | G32: =VLOOKUP($C32,Hoja2!$A:$D,4,0)*D32 -> 43.2 | H32: =VLOOKUP(A32,Hoja2!H:J,3,0) -> CO11
A33: 5 | B33: 5 - SAN JUAN - MEDELLIN | C33: NECTAR CALIFORNIA MANZANA 900ml | D33: 48 | E33: =VLOOKUP($C33,Hoja2!$A:$D,2,0) -> F48667 | F33: =VLOOKUP($C33,Hoja2!$A:$D,3,0) -> NECTAR CALIFORNIA MANZANA TB 900ML | G33: =VLOOKUP($C33,Hoja2!$A:$D,4,0)*D33 -> 43.2 | H33: =VLOOKUP(A33,Hoja2!H:J,3,0) -> CO11
A34: 5 | B34: 5 - SAN JUAN - MEDELLIN | C34: JUGO FRESKY PUNCH SURTIDO 200mlX12u | D34: 300 | E34: =VLOOKUP($C34,Hoja2!$A:$D,2,0) -> F44225 | F34: =VLOOKUP($C34,Hoja2!$A:$D,3,0) -> FRESKY CALIFORNIA SUR PUN TB 200ML 10X12 | G34: =VLOOKUP($C34,Hoja2!$A:$D,4,0)*D34 -> 720 | H34: =VLOOKUP(A34,Hoja2!H:J,3,0) -> CO11
A35: 5 | B35: 5 - SAN JUAN - MEDELLIN | C35: AVENA ALGARRA CANELA PAGUE 7 LLEVE 8 200ml | D35: 30 | E35: =VLOOKUP($C35,Hoja2!$A:$D,2,0) -> F47013 | F35: =VLOOKUP($C35,Hoja2!$A:$D,3,0) -> AVENA ALGARRA CANELA BS 200ML 7X8 | G35: =VLOOKUP($C35,Hoja2!$A:$D,4,0)*D35 -> 48 | H35: =VLOOKUP(A35,Hoja2!H:J,3,0) -> CO11
... A138: 23 | B138: 23 - ALTO PRADO | C138: CREMA DE LECHE LA FINCA BOLSA 900ml | D138: 50 | E138: =VLOOKUP($C138,Hoja2!$A:$D,2,0) -> F48010 | F138: =VLOOKUP($C138,Hoja2!$A:$D,3,0) -> CML DE LA FINCA UHT BS 900 GR | G138: =VLOOKUP($C138,Hoja2!$A:$D,4,0)*D138 -> 45 | H138: =VLOOKUP(A138,Hoja2!H:J,3,0) -> CO05

Sheet Hoja2
A1: Descripción | B1: Material | C1: Texto Breve Material | D1: Factor | H1: T | I1: Tienda | J1: Oficina
A2: JUGO FRESKY PUNCH SURTIDO 200mlX12u | B2: F44225 | C2: FRESKY CALIFORNIA SUR PUN TB 200ML 10X12 | D2: 2.4 | H2: 1 | I2: VILLA DEL RIO | J2: CO02
A3: TE CALIFORNIA SURTIDO AMAZTE 200mlX6u | B3: F44226 | C3: TE CALIFORNIA SURTIDO 200 ML TB X6 | D3: 1.2 | H3: 2 | I3: CUMARA | J3: CO02
A4: AVENA ALGARRA CANELA CAJA 200gX6u | B4: F47006 | C4: AVENA ALGARRA CANELA TB 200ML X6 | D4: 1.2 | H4: 8 | I4: AVENIDA BOYACA | J4: CO02
A5: AVENA ALGARRA CANELA PAGUE 7 LLEVE 8 200ml | B5: F47013 | C5: AVENA ALGARRA CANELA BS 200ML 7X8 | D5: 1.6 | H5: 20 | I5: CAJICA | J5: CO02
A6: AVENA ALGARRA TRADICIONAL PAGUE 7 LLEVE 8 200ml | B6: F47427 | C6: AVENA ALGARRA TRADICIONAL BS 200ML 7X8 | D6: 1.6 | H6: 17 | I6: TUNJA | J6: CO03
A7: AVENA ALGARRA NATURAL CAJA 200gX6u | B7: F47649 | C7: AVENA ALGARRA TRADICIONAL TB 200ML X6 | D7: 1.2 | H7: 12 | I7: VILLAVICENCIO | J7: CO04
A8: CREMA DE LECHE LA FINCA BOLSA 900ml | B8: F48010 | C8: CML DE LA FINCA UHT BS 900 GR | D8: 0.9 | H8: 4 | I8: VILLA SANTOS | J8: CO05
A9: CREMA DE LECHE CREMAX BOLSA 900ml | B9: F48025 | C9: CML CREMAX UHT BS 900 GR | D9: 0.9 | H9: 11 | I9: MAKRO CALLE 30 | J9: CO05
A10: NECTAR CALIFORNIA MANZANA BOT 900ml | B10: F48614 | C10: NECTAR MANZANA BOT 900 ML | D10: 0.9 | H10: 23 | I10: ALTO PRADO | J10: CO05
A11: NECTAR CALIFORNIA MANZANA 900ml | B11: F48667 | C11: NECTAR CALIFORNIA MANZANA TB 900ML | D11: 0.9 | H11: 16 | I11: MONTERIA | J11: CO06
A12: NECTAR CALIFORNIA PERA 900ml | B12: F48668 | C12: NECTAR CALIFORNIA PERA TB 900ML | D12: 0.9 | H12: 22 | I12: VALLEDUPAR | J12: CO07
A13: NECTAR CALIFORNIA DURAZNO 900ml | B13: F48669 | C13: NECTAR CALIFORNIA DURAZNO TB 900ML | D13: 0.9 | H13: 14 | I13: SANTA MARTA | J13: CO08
... A16: NECTAR CALIFORNIA SURTIDO 200ml PAGUE 7 LLEVE 10u | B16: F48809 | C16: NECTAR CALIFORNIA SURTIDO TB 200ML 7X10 | D16: 2 | H16: 18 | I16: ESTACION POBLADO | J16: CO11
H17: 19 | I17: FLORIDABLANCA | J17: CO12
H18: 15 | I18: CUCUTA | J18: CO13
H19: 3 | I19: VALLE DEL LILI | J19: CO15
H20: 13 | I20: CALI NORTE | J20: CO15
H21: 7 | I21: DOS QUEBRADAS | J21: CO16
H22: 9 | I22: IBAGUE | J22: CO17
